{
    "default": {
        "qpos": [
            0.26210903,
            0.39282486,
            0.8,
            -0.78547583,
            0.0,
            0.0,
            0.61889233,
            -0.05928528,
            0.0,
            0.0,
            0.31937729,
            -0.25857128,
            0.0,
            -0.1499393,
            0.0,
            0.0,
            0.25504463,
            -0.27890294,
            0.0,
            0.0,
            0.0,
            0.0,
            0.0,
            0.0,
            0.0,
            0.0,
            0.0,
            0.0,
            0.0,
            0.0
        ],
        "qvel": [
            0,
            0,
            0,
            0,
            0,
            0,
            0,
            0,
            0,
            0,
            0,
            0,
            0,
            0,
            0,
            0,
            0,
            0,
            0,
            0,
            0,
            0,
            0,
            0,
            0,
            0,
            0,
            0,
            0
        ]
    },
    "open_arms": {
        "qpos": [
            0.0002668495193705936,
            -8.285462479682154e-05,
            0.7853855080499602,
            0.9998240351561246,
            -7.312215325824324e-05,
            0.0009901666845885614,
            -0.01868327712650427,
            -0.037447136565183725,
            0.08107609938034537,
            0.19873675660878592,
            0.30567230006601814,
            -0.3042906267772678,
            -0.037852092410070495,
            0.01088271422244817,
            -0.1026195453270522,
            -0.5160794897286684,
            0.2820854407553991,
            -0.29746128447796405,
            0.0010058060483058736,
            0.014501329299934754,
            0.0005251704084804262,
            0.0065326065045973256,
            -0.08096484914441836,
            1.7384153556597044,
            0.10461870387833071,
            1.327372429182802,
            -0.10580290847281541,
            -1.654782246423621,
            -0.07211913255259635,
            1.226925991077727
        ],
        "qvel": [
            0,
            0,
            0,
            0,
            0,
            0,
            0,
            0,
            0,
            0,
            0,
            0,
            0,
            0,
            0,
            0,
            0,
            0,
            0,
            0,
            0,
            0,
            0,
            0,
            0,
            0,
            0,
            0,
            0
        ]
    },
    "fight1": {
        "qpos": [
            -1.5820477776653517,
            -0.6557812620218276,
            0.6435620185317423,
            -0.6116554639024365,
            0.09101694451505678,
            -0.08588590206748146,
            0.7811638518731847,
            -1.0577049127812852,
            0.7565603463132766,
            -0.22470881959169237,
            1.5961623528073847,
            -0.281299995940655,
            -0.23370361680563922,
            -0.41687455432782117,
            -0.42147462671341096,
            -0.2783593405437632,
            1.0298814189416423,
            -0.322500441368027,
            0.2475661936037512,
            -0.18182140007078051,
            -0.11261463167192193,
            0.32316235721291653,
            -0.5960233559542167,
            -0.2699132158125919,
            -0.9057120874293396,
            -0.19615846120524408,
            0.3902214566985086,
            -0.5255747451820957,
            -0.5609072157085809,
            -0.6666534403572494
        ],
        "qvel": [
            0,
            0,
            0,
            0,
            0,
            0,
            0,
            0,
            0,
            0,
            0,
            0,
            0,
            0,
            0,
            0,
            0,
            0,
            0,
            0,
            0,
            0,
            0,
            0,
            0,
            0,
            0,
            0,
            0
        ]
    },
    "stand_arms_at_hips": {
        "qpos": [
            2.2265285943765907,
            -1.2644209742438381,
            0.7632817266210576,
            0.4321321780145921,
            0.0038461786381766717,
            -0.07623638761165862,
            0.8985747477607233,
            -0.30673139798498067,
            0.4269609944260768,
            0.0916929760431794,
            0.25372125157017406,
            0.054171457471252134,
            -0.19199145808935333,
            0.03785783166277146,
            0.04113831727200969,
            -0.4733618346642363,
            0.3793764651213058,
            -0.389473664424781,
            -0.00755058633865642,
            -0.04533780375150623,
            0.1251580106670433,
            0.12378169700247725,
            0.7960182650594361,
            0.6363785910493931,
            -0.49755531759197635,
            -0.09063642013693163,
            0.9226517140769126,
            -0.6189097769299879,
            0.4541564260800587,
            -0.44772361054843457
        ],
        "qvel": [
            0,
            0,
            0,
            0,
            0,
            0,
            0,
            0,
            0,
            0,
            0,
            0,
            0,
            0,
            0,
            0,
            0,
            0,
            0,
            0,
            0,
            0,
            0,
            0,
            0,
            0,
            0,
            0,
            0
        ]
    },
    "throw_open_legs": {
        "qpos": [
            0.7019393269403243,
            0.34340429286353075,
            0.67287350350584,
            0.4870569178773643,
            0.05561984876459057,
            -0.06571580010737173,
            0.8692590572556,
            -0.5925364173142003,
            0.593696085334621,
            -0.17599928708306598,
            0.8240194011098478,
            0.08826124296176567,
            -0.2479741986890103,
            0.2567157950002822,
            -0.6601104409357341,
            -0.15444384228004115,
            0.6352779763715295,
            0.22866636543357385,
            0.24660994059273855,
            -0.03359373968595878,
            0.17909734517095566,
            0.09842003058650894,
            -0.8586377055793686,
            1.7254527928899488,
            -0.9822373280561506,
            -0.2194100036945089,
            -0.10578518160834732,
            -0.5085157948060726,
            -1.477087909809103,
            -0.3691577189479508
        ],
        "qvel": [
            0,
            0,
            0,
            0,
            0,
            0,
            0,
            0,
            0,
            0,
            0,
            0,
            0,
            0,
            0,
            0,
            0,
            0,
            0,
            0,
            0,
            0,
            0,
            0,
            0,
            0,
            0,
            0,
            0
        ]
    },